name,email
Ankit,ankit@gmail.com
Riya,riya@gmail.com
Sohan,sohan@gmail.com
Priya,priya.patel@gmail.com
Rahul,rahul.sharma@gmail.com
Neha,neha.verma@gmail.com
Amit,amit.kumar@gmail.com
Sneha,sneha.jain@gmail.com
Karan,karan.singh@gmail.com
Pooja,pooja.mehra@gmail.com
Vikas,vikas.agarwal@gmail.com
Nisha,nisha.gupta@gmail.com
Arjun,arjun.malhotra@gmail.com
Simran,simran.kaur@gmail.com
Rohit,rohit.bansal@gmail.com